# MEGACITIES (10M+ population) - Neighborhoods for comprehensive coverage

# Tokyo, Japan
dentists Shinjuku, Tokyo, Japan
dentists Shibuya, Tokyo, Japan
dentists Ginza, Tokyo, Japan
dentists Roppongi, Tokyo, Japan
dentists Akihabara, Tokyo, Japan
dentists Ikebukuro, Tokyo, Japan
dentists Ueno, Tokyo, Japan
dentists Asakusa, Tokyo, Japan
dentists Odaiba, Tokyo, Japan
dentists Harajuku, Tokyo, Japan
dentists Meguro, Tokyo, Japan
dentists Shinagawa, Tokyo, Japan
dentists Nakano, Tokyo, Japan
dentists Kichijoji, Tokyo, Japan
dentists Shimokitazawa, Tokyo, Japan

# Delhi, India
dentists Connaught Place, Delhi, India
dentists South Delhi, Delhi, India
dentists North Delhi, Delhi, India
dentists East Delhi, Delhi, India
dentists West Delhi, Delhi, India
dentists Dwarka, Delhi, India
dentists Rohini, Delhi, India
dentists Karol Bagh, Delhi, India
dentists Lajpat Nagar, Delhi, India
dentists Greater Kailash, Delhi, India
dentists Vasant Kunj, Delhi, India
dentists Saket, Delhi, India
dentists Nehru Place, Delhi, India

# Shanghai, China
dentists Pudong, Shanghai, China
dentists Jing'an, Shanghai, China
dentists Huangpu, Shanghai, China
dentists Xuhui, Shanghai, China
dentists Hongkou, Shanghai, China
dentists Putuo, Shanghai, China
dentists Changning, Shanghai, China
dentists Yangpu, Shanghai, China
dentists Minhang, Shanghai, China
dentists Baoshan, Shanghai, China
dentists Lujiazui, Shanghai, China

# São Paulo, Brazil
dentists Paulista, São Paulo, Brazil
dentists Pinheiros, São Paulo, Brazil
dentists Vila Madalena, São Paulo, Brazil
dentists Moema, São Paulo, Brazil
dentists Itaim Bibi, São Paulo, Brazil
dentists Jardins, São Paulo, Brazil
dentists Consolação, São Paulo, Brazil
dentists Liberdade, São Paulo, Brazil
dentists Santana, São Paulo, Brazil
dentists Tatuapé, São Paulo, Brazil
dentists Vila Mariana, São Paulo, Brazil
dentists Brooklin, São Paulo, Brazil
dentists Campo Belo, São Paulo, Brazil

# Mexico City, Mexico
dentists Polanco, Mexico City, Mexico
dentists Condesa, Mexico City, Mexico
dentists Roma Norte, Mexico City, Mexico
dentists Coyoacán, Mexico City, Mexico
dentists Santa Fe, Mexico City, Mexico
dentists Centro Histórico, Mexico City, Mexico
dentists Zona Rosa, Mexico City, Mexico
dentists Del Valle, Mexico City, Mexico
dentists Narvarte, Mexico City, Mexico
dentists Tlalpan, Mexico City, Mexico
dentists Xochimilco, Mexico City, Mexico
dentists Iztapalapa, Mexico City, Mexico

# Cairo, Egypt
dentists Downtown Cairo, Cairo, Egypt
dentists Zamalek, Cairo, Egypt
dentists Maadi, Cairo, Egypt
dentists Heliopolis, Cairo, Egypt
dentists Nasr City, Cairo, Egypt
dentists New Cairo, Cairo, Egypt
dentists 6th of October City, Cairo, Egypt
dentists Giza, Cairo, Egypt
dentists Dokki, Cairo, Egypt
dentists Mohandessin, Cairo, Egypt

# Mumbai, India
dentists South Mumbai, Mumbai, India
dentists Bandra, Mumbai, India
dentists Andheri, Mumbai, India
dentists Juhu, Mumbai, India
dentists Powai, Mumbai, India
dentists Worli, Mumbai, India
dentists Lower Parel, Mumbai, India
dentists Kurla, Mumbai, India
dentists Dadar, Mumbai, India
dentists Malad, Mumbai, India
dentists Borivali, Mumbai, India
dentists Thane, Mumbai, India

# Beijing, China
dentists Dongcheng, Beijing, China
dentists Xicheng, Beijing, China
dentists Chaoyang, Beijing, China
dentists Haidian, Beijing, China
dentists Fengtai, Beijing, China
dentists Shijingshan, Beijing, China
dentists Tongzhou, Beijing, China
dentists Shunyi, Beijing, China
dentists Wangjing, Beijing, China
dentists Sanlitun, Beijing, China

# Dhaka, Bangladesh
dentists Gulshan, Dhaka, Bangladesh
dentists Banani, Dhaka, Bangladesh
dentists Dhanmondi, Dhaka, Bangladesh
dentists Uttara, Dhaka, Bangladesh
dentists Mirpur, Dhaka, Bangladesh
dentists Mohammadpur, Dhaka, Bangladesh
dentists Bashundhara, Dhaka, Bangladesh
dentists Motijheel, Dhaka, Bangladesh
dentists Tejgaon, Dhaka, Bangladesh
dentists Badda, Dhaka, Bangladesh

# Osaka, Japan
dentists Umeda, Osaka, Japan
dentists Namba, Osaka, Japan
dentists Shinsaibashi, Osaka, Japan
dentists Tennoji, Osaka, Japan
dentists Shinsekai, Osaka, Japan
dentists Dotonbori, Osaka, Japan
dentists Kitashinchi, Osaka, Japan
dentists Abeno, Osaka, Japan
dentists Tsuruhashi, Osaka, Japan

# New York, USA
dentists Manhattan, New York, USA
dentists Brooklyn, New York, USA
dentists Queens, New York, USA
dentists Bronx, New York, USA
dentists Staten Island, New York, USA
dentists Midtown Manhattan, New York, USA
dentists Upper East Side, New York, USA
dentists Upper West Side, New York, USA
dentists Lower Manhattan, New York, USA
dentists Harlem, New York, USA
dentists Chelsea, New York, USA
dentists Greenwich Village, New York, USA
dentists SoHo, New York, USA
dentists Tribeca, New York, USA
dentists East Village, New York, USA
dentists Williamsburg Brooklyn, New York, USA
dentists Park Slope Brooklyn, New York, USA
dentists Astoria Queens, New York, USA
dentists Flushing Queens, New York, USA
dentists Long Island City, New York, USA

# Karachi, Pakistan
dentists Clifton, Karachi, Pakistan
dentists Defence, Karachi, Pakistan
dentists Gulshan-e-Iqbal, Karachi, Pakistan
dentists North Nazimabad, Karachi, Pakistan
dentists PECHS, Karachi, Pakistan
dentists Saddar, Karachi, Pakistan
dentists Korangi, Karachi, Pakistan
dentists Malir, Karachi, Pakistan
dentists Nazimabad, Karachi, Pakistan
dentists Gulistan-e-Jauhar, Karachi, Pakistan

# Buenos Aires, Argentina
dentists Palermo, Buenos Aires, Argentina
dentists Recoleta, Buenos Aires, Argentina
dentists San Telmo, Buenos Aires, Argentina
dentists Puerto Madero, Buenos Aires, Argentina
dentists Belgrano, Buenos Aires, Argentina
dentists Caballito, Buenos Aires, Argentina
dentists Villa Crespo, Buenos Aires, Argentina
dentists Almagro, Buenos Aires, Argentina
dentists Núñez, Buenos Aires, Argentina
dentists Colegiales, Buenos Aires, Argentina

# Istanbul, Turkey
dentists Beyoğlu, Istanbul, Turkey
dentists Kadıköy, Istanbul, Turkey
dentists Beşiktaş, Istanbul, Turkey
dentists Şişli, Istanbul, Turkey
dentists Üsküdar, Istanbul, Turkey
dentists Fatih, Istanbul, Turkey
dentists Bakırköy, Istanbul, Turkey
dentists Ataşehir, Istanbul, Turkey
dentists Sarıyer, Istanbul, Turkey
dentists Maltepe, Istanbul, Turkey
dentists Kartal, Istanbul, Turkey
dentists Pendik, Istanbul, Turkey

# Lagos, Nigeria
dentists Victoria Island, Lagos, Nigeria
dentists Ikoyi, Lagos, Nigeria
dentists Lekki, Lagos, Nigeria
dentists Ikeja, Lagos, Nigeria
dentists Surulere, Lagos, Nigeria
dentists Yaba, Lagos, Nigeria
dentists Apapa, Lagos, Nigeria
dentists Ajah, Lagos, Nigeria
dentists Gbagada, Lagos, Nigeria
dentists Maryland, Lagos, Nigeria
dentists Festac Town, Lagos, Nigeria

# Manila, Philippines
dentists Makati, Manila, Philippines
dentists Bonifacio Global City, Manila, Philippines
dentists Ortigas, Manila, Philippines
dentists Quezon City, Manila, Philippines
dentists Pasig, Manila, Philippines
dentists Mandaluyong, Manila, Philippines
dentists Parañaque, Manila, Philippines
dentists Taguig, Manila, Philippines
dentists Pasay, Manila, Philippines
dentists San Juan, Manila, Philippines

# Rio de Janeiro, Brazil
dentists Copacabana, Rio de Janeiro, Brazil
dentists Ipanema, Rio de Janeiro, Brazil
dentists Leblon, Rio de Janeiro, Brazil
dentists Botafogo, Rio de Janeiro, Brazil
dentists Barra da Tijuca, Rio de Janeiro, Brazil
dentists Centro, Rio de Janeiro, Brazil
dentists Lapa, Rio de Janeiro, Brazil
dentists Santa Teresa, Rio de Janeiro, Brazil
dentists Tijuca, Rio de Janeiro, Brazil
dentists Flamengo, Rio de Janeiro, Brazil
dentists Lagoa, Rio de Janeiro, Brazil

# Guangzhou, China
dentists Tianhe, Guangzhou, China
dentists Yuexiu, Guangzhou, China
dentists Liwan, Guangzhou, China
dentists Haizhu, Guangzhou, China
dentists Baiyun, Guangzhou, China
dentists Panyu, Guangzhou, China
dentists Huangpu, Guangzhou, China
dentists Zengcheng, Guangzhou, China
dentists Nansha, Guangzhou, China

# Los Angeles, USA
dentists Downtown LA, Los Angeles, USA
dentists Hollywood, Los Angeles, USA
dentists Beverly Hills, Los Angeles, USA
dentists Santa Monica, Los Angeles, USA
dentists Venice, Los Angeles, USA
dentists Westwood, Los Angeles, USA
dentists Pasadena, Los Angeles, USA
dentists Glendale, Los Angeles, USA
dentists Burbank, Los Angeles, USA
dentists Long Beach, Los Angeles, USA
dentists Culver City, Los Angeles, USA
dentists West Hollywood, Los Angeles, USA
dentists Silver Lake, Los Angeles, USA
dentists Echo Park, Los Angeles, USA
dentists Koreatown, Los Angeles, USA
dentists Brentwood, Los Angeles, USA
dentists Century City, Los Angeles, USA

# Moscow, Russia
dentists Central Moscow, Moscow, Russia
dentists Arbat, Moscow, Russia
dentists Tverskaya, Moscow, Russia
dentists Kitay-gorod, Moscow, Russia
dentists Zamoskvorechye, Moscow, Russia
dentists Khamovniki, Moscow, Russia
dentists Presnensky, Moscow, Russia
dentists Basmanny, Moscow, Russia
dentists Taganka, Moscow, Russia
dentists Sokolniki, Moscow, Russia

# Shenzhen, China
dentists Futian, Shenzhen, China
dentists Luohu, Shenzhen, China
dentists Nanshan, Shenzhen, China
dentists Bao'an, Shenzhen, China
dentists Longgang, Shenzhen, China
dentists Longhua, Shenzhen, China
dentists Pingshan, Shenzhen, China
dentists Yantian, Shenzhen, China
dentists Shekou, Shenzhen, China

# London, UK
dentists Central London, London, UK
dentists Westminster, London, UK
dentists City of London, London, UK
dentists Kensington, London, UK
dentists Chelsea, London, UK
dentists Camden, London, UK
dentists Islington, London, UK
dentists Hackney, London, UK
dentists Southwark, London, UK
dentists Greenwich, London, UK
dentists Tower Hamlets, London, UK
dentists Hammersmith, London, UK
dentists Fulham, London, UK
dentists Richmond, London, UK
dentists Wandsworth, London, UK
dentists Lambeth, London, UK
dentists Lewisham, London, UK
dentists Croydon, London, UK

# Paris, France
dentists 1st arrondissement, Paris, France
dentists 2nd arrondissement, Paris, France
dentists 3rd arrondissement, Paris, France
dentists 4th arrondissement, Paris, France
dentists 5th arrondissement, Paris, France
dentists 6th arrondissement, Paris, France
dentists 7th arrondissement, Paris, France
dentists 8th arrondissement, Paris, France
dentists 9th arrondissement, Paris, France
dentists 10th arrondissement, Paris, France
dentists 11th arrondissement, Paris, France
dentists 12th arrondissement, Paris, France
dentists 13th arrondissement, Paris, France
dentists 14th arrondissement, Paris, France
dentists 15th arrondissement, Paris, France
dentists 16th arrondissement, Paris, France
dentists 17th arrondissement, Paris, France
dentists 18th arrondissement, Paris, France
dentists La Défense, Paris, France

# Jakarta, Indonesia
dentists Central Jakarta, Jakarta, Indonesia
dentists South Jakarta, Jakarta, Indonesia
dentists North Jakarta, Jakarta, Indonesia
dentists East Jakarta, Jakarta, Indonesia
dentists West Jakarta, Jakarta, Indonesia
dentists Menteng, Jakarta, Indonesia
dentists Kemang, Jakarta, Indonesia
dentists Senayan, Jakarta, Indonesia
dentists Kuningan, Jakarta, Indonesia
dentists Kelapa Gading, Jakarta, Indonesia
dentists Pluit, Jakarta, Indonesia
dentists Pantai Indah Kapuk, Jakarta, Indonesia

# Seoul, South Korea
dentists Gangnam, Seoul, South Korea
dentists Jongno, Seoul, South Korea
dentists Jung-gu, Seoul, South Korea
dentists Mapo, Seoul, South Korea
dentists Yongsan, Seoul, South Korea
dentists Songpa, Seoul, South Korea
dentists Seocho, Seoul, South Korea
dentists Seongdong, Seoul, South Korea
dentists Dongdaemun, Seoul, South Korea
dentists Gwangjin, Seoul, South Korea
dentists Yeongdeungpo, Seoul, South Korea
dentists Itaewon, Seoul, South Korea
dentists Hongdae, Seoul, South Korea
dentists Myeongdong, Seoul, South Korea
dentists Sinchon, Seoul, South Korea

# Bangkok, Thailand
dentists Sukhumvit, Bangkok, Thailand
dentists Silom, Bangkok, Thailand
dentists Sathorn, Bangkok, Thailand
dentists Siam, Bangkok, Thailand
dentists Chatuchak, Bangkok, Thailand
dentists Thonglor, Bangkok, Thailand
dentists Ekkamai, Bangkok, Thailand
dentists Ari, Bangkok, Thailand
dentists Ratchada, Bangkok, Thailand
dentists Rama 9, Bangkok, Thailand
dentists Bang Na, Bangkok, Thailand
dentists Phra Khanong, Bangkok, Thailand

# Chicago, USA
dentists Downtown Chicago, Chicago, USA
dentists Loop, Chicago, USA
dentists River North, Chicago, USA
dentists Lincoln Park, Chicago, USA
dentists Wicker Park, Chicago, USA
dentists Lakeview, Chicago, USA
dentists Gold Coast, Chicago, USA
dentists Old Town, Chicago, USA
dentists West Loop, Chicago, USA
dentists South Loop, Chicago, USA
dentists Andersonville, Chicago, USA
dentists Wrigleyville, Chicago, USA

# Lima, Peru
dentists Miraflores, Lima, Peru
dentists San Isidro, Lima, Peru
dentists Barranco, Lima, Peru
dentists Surco, Lima, Peru
dentists La Molina, Lima, Peru
dentists San Borja, Lima, Peru
dentists Magdalena, Lima, Peru
dentists Jesús María, Lima, Peru
dentists Lince, Lima, Peru
dentists Centro de Lima, Lima, Peru

# Bogotá, Colombia
dentists Chapinero, Bogotá, Colombia
dentists Usaquén, Bogotá, Colombia
dentists Zona Rosa, Bogotá, Colombia
dentists La Candelaria, Bogotá, Colombia
dentists Teusaquillo, Bogotá, Colombia
dentists Suba, Bogotá, Colombia
dentists Kennedy, Bogotá, Colombia
dentists Engativá, Bogotá, Colombia
dentists Fontibón, Bogotá, Colombia
dentists Barrios Unidos, Bogotá, Colombia

# Ho Chi Minh City, Vietnam
dentists District 1, Ho Chi Minh City, Vietnam
dentists District 2, Ho Chi Minh City, Vietnam
dentists District 3, Ho Chi Minh City, Vietnam
dentists District 7, Ho Chi Minh City, Vietnam
dentists District 10, Ho Chi Minh City, Vietnam
dentists Binh Thanh, Ho Chi Minh City, Vietnam
dentists Phu Nhuan, Ho Chi Minh City, Vietnam
dentists Tan Binh, Ho Chi Minh City, Vietnam
dentists Go Vap, Ho Chi Minh City, Vietnam
dentists Thu Duc, Ho Chi Minh City, Vietnam

# Hong Kong
dentists Central, Hong Kong
dentists Causeway Bay, Hong Kong
dentists Tsim Sha Tsui, Hong Kong
dentists Mong Kok, Hong Kong
dentists Wan Chai, Hong Kong
dentists Admiralty, Hong Kong
dentists Sheung Wan, Hong Kong
dentists Kennedy Town, Hong Kong
dentists Happy Valley, Hong Kong
dentists Quarry Bay, Hong Kong
dentists Tai Koo, Hong Kong
dentists Kowloon City, Hong Kong
dentists Sham Shui Po, Hong Kong

# Singapore
dentists Orchard, Singapore
dentists Marina Bay, Singapore
dentists Raffles Place, Singapore
dentists Bugis, Singapore
dentists Chinatown, Singapore
dentists Clarke Quay, Singapore
dentists Tanjong Pagar, Singapore
dentists Tiong Bahru, Singapore
dentists Holland Village, Singapore
dentists Dempsey Hill, Singapore
dentists Novena, Singapore
dentists Bukit Timah, Singapore
dentists Jurong, Singapore
dentists Tampines, Singapore

# Toronto, Canada
dentists Downtown Toronto, Toronto, Canada
dentists Yorkville, Toronto, Canada
dentists Queen West, Toronto, Canada
dentists Liberty Village, Toronto, Canada
dentists King West, Toronto, Canada
dentists Financial District, Toronto, Canada
dentists The Annex, Toronto, Canada
dentists Rosedale, Toronto, Canada
dentists North York, Toronto, Canada
dentists Scarborough, Toronto, Canada
dentists Etobicoke, Toronto, Canada
dentists Mississauga, Toronto, Canada

# Johannesburg, South Africa
dentists Sandton, Johannesburg, South Africa
dentists Rosebank, Johannesburg, South Africa
dentists Braamfontein, Johannesburg, South Africa
dentists Melville, Johannesburg, South Africa
dentists Parkhurst, Johannesburg, South Africa
dentists Fourways, Johannesburg, South Africa
dentists Midrand, Johannesburg, South Africa
dentists Randburg, Johannesburg, South Africa
dentists Centurion, Johannesburg, South Africa
dentists Pretoria, Johannesburg, South Africa

# Sydney, Australia
dentists CBD Sydney, Sydney, Australia
dentists Bondi, Sydney, Australia
dentists Surry Hills, Sydney, Australia
dentists Newtown, Sydney, Australia
dentists Paddington, Sydney, Australia
dentists Manly, Sydney, Australia
dentists Parramatta, Sydney, Australia
dentists Chatswood, Sydney, Australia
dentists North Sydney, Sydney, Australia
dentists Mosman, Sydney, Australia
dentists Double Bay, Sydney, Australia
dentists Darlinghurst, Sydney, Australia
dentists Pyrmont, Sydney, Australia
dentists Ultimo, Sydney, Australia

# Melbourne, Australia
dentists CBD Melbourne, Melbourne, Australia
dentists Southbank, Melbourne, Australia
dentists St Kilda, Melbourne, Australia
dentists Fitzroy, Melbourne, Australia
dentists Carlton, Melbourne, Australia
dentists South Yarra, Melbourne, Australia
dentists Richmond, Melbourne, Australia
dentists Brunswick, Melbourne, Australia
dentists Prahran, Melbourne, Australia
dentists Toorak, Melbourne, Australia
dentists Docklands, Melbourne, Australia
dentists Collingwood, Melbourne, Australia
dentists Hawthorn, Melbourne, Australia

# Berlin, Germany
dentists Mitte, Berlin, Germany
dentists Prenzlauer Berg, Berlin, Germany
dentists Kreuzberg, Berlin, Germany
dentists Friedrichshain, Berlin, Germany
dentists Charlottenburg, Berlin, Germany
dentists Schöneberg, Berlin, Germany
dentists Neukölln, Berlin, Germany
dentists Wedding, Berlin, Germany
dentists Wilmersdorf, Berlin, Germany
dentists Steglitz, Berlin, Germany
dentists Spandau, Berlin, Germany
dentists Tempelhof, Berlin, Germany

# Madrid, Spain
dentists Centro Madrid, Madrid, Spain
dentists Salamanca, Madrid, Spain
dentists Chamberí, Madrid, Spain
dentists Retiro, Madrid, Spain
dentists Chamartín, Madrid, Spain
dentists Arganzuela, Madrid, Spain
dentists Malasaña, Madrid, Spain
dentists Chueca, Madrid, Spain
dentists La Latina, Madrid, Spain
dentists Lavapiés, Madrid, Spain
dentists Moncloa, Madrid, Spain
dentists Tetuán, Madrid, Spain

# Barcelona, Spain
dentists Eixample, Barcelona, Spain
dentists Gràcia, Barcelona, Spain
dentists Born, Barcelona, Spain
dentists Gothic Quarter, Barcelona, Spain
dentists Barceloneta, Barcelona, Spain
dentists Poble Sec, Barcelona, Spain
dentists Sant Martí, Barcelona, Spain
dentists Les Corts, Barcelona, Spain
dentists Sarrià, Barcelona, Spain
dentists Horta, Barcelona, Spain

# LARGE CITIES (2M-10M population) - Key neighborhoods

# Houston, USA
dentists Downtown Houston, Houston, USA
dentists Midtown, Houston, USA
dentists Montrose, Houston, USA
dentists Heights, Houston, USA
dentists Galleria, Houston, USA
dentists Memorial, Houston, USA
dentists Rice Village, Houston, USA

# Phoenix, USA
dentists Downtown Phoenix, Phoenix, USA
dentists Scottsdale, Phoenix, USA
dentists Tempe, Phoenix, USA
dentists Mesa, Phoenix, USA
dentists Chandler, Phoenix, USA
dentists Gilbert, Phoenix, USA

# Philadelphia, USA
dentists Center City, Philadelphia, USA
dentists University City, Philadelphia, USA
dentists Fishtown, Philadelphia, USA
dentists Manayunk, Philadelphia, USA
dentists Old City, Philadelphia, USA
dentists South Philly, Philadelphia, USA

# San Antonio, USA
dentists Downtown San Antonio, San Antonio, USA
dentists Alamo Heights, San Antonio, USA
dentists Stone Oak, San Antonio, USA
dentists Medical Center, San Antonio, USA
dentists Southtown, San Antonio, USA

# San Diego, USA
dentists Downtown San Diego, San Diego, USA
dentists La Jolla, San Diego, USA
dentists Pacific Beach, San Diego, USA
dentists Hillcrest, San Diego, USA
dentists North Park, San Diego, USA
dentists Gaslamp, San Diego, USA

# Dallas, USA
dentists Downtown Dallas, Dallas, USA
dentists Uptown, Dallas, USA
dentists Deep Ellum, Dallas, USA
dentists Bishop Arts, Dallas, USA
dentists Preston Hollow, Dallas, USA
dentists Oak Lawn, Dallas, USA

# San Francisco, USA
dentists Downtown SF, San Francisco, USA
dentists Marina, San Francisco, USA
dentists Mission, San Francisco, USA
dentists Castro, San Francisco, USA
dentists SOMA, San Francisco, USA
dentists Nob Hill, San Francisco, USA
dentists Haight-Ashbury, San Francisco, USA

# Miami, USA
dentists Downtown Miami, Miami, USA
dentists Brickell, Miami, USA
dentists South Beach, Miami, USA
dentists Wynwood, Miami, USA
dentists Coral Gables, Miami, USA
dentists Coconut Grove, Miami, USA

# Atlanta, USA
dentists Downtown Atlanta, Atlanta, USA
dentists Midtown, Atlanta, USA
dentists Buckhead, Atlanta, USA
dentists Virginia-Highland, Atlanta, USA
dentists Decatur, Atlanta, USA
dentists East Atlanta, Atlanta, USA

# Boston, USA
dentists Downtown Boston, Boston, USA
dentists Back Bay, Boston, USA
dentists Beacon Hill, Boston, USA
dentists Cambridge, Boston, USA
dentists South End, Boston, USA
dentists Brookline, Boston, USA

# Seattle, USA
dentists Downtown Seattle, Seattle, USA
dentists Capitol Hill, Seattle, USA
dentists Ballard, Seattle, USA
dentists Fremont, Seattle, USA
dentists Queen Anne, Seattle, USA
dentists Bellevue, Seattle, USA

# Denver, USA
dentists Downtown Denver, Denver, USA
dentists LoDo, Denver, USA
dentists Cherry Creek, Denver, USA
dentists Highlands, Denver, USA
dentists RiNo, Denver, USA
dentists Capitol Hill, Denver, USA

# Washington DC, USA
dentists Downtown DC, Washington DC, USA
dentists Georgetown, Washington DC, USA
dentists Dupont Circle, Washington DC, USA
dentists Capitol Hill, Washington DC, USA
dentists Adams Morgan, Washington DC, USA
dentists Foggy Bottom, Washington DC, USA

# Dubai, UAE
dentists Downtown Dubai, Dubai, UAE
dentists Dubai Marina, Dubai, UAE
dentists Jumeirah, Dubai, UAE
dentists Deira, Dubai, UAE
dentists Business Bay, Dubai, UAE
dentists JBR, Dubai, UAE
dentists DIFC, Dubai, UAE

# Riyadh, Saudi Arabia
dentists Olaya, Riyadh, Saudi Arabia
dentists Malaz, Riyadh, Saudi Arabia
dentists Al Sahafa, Riyadh, Saudi Arabia
dentists Al Nakheel, Riyadh, Saudi Arabia
dentists Al Muruj, Riyadh, Saudi Arabia
dentists Al Rawdah, Riyadh, Saudi Arabia

# Jeddah, Saudi Arabia
dentists Al Balad, Jeddah, Saudi Arabia
dentists Al Hamra, Jeddah, Saudi Arabia
dentists Al Rawdah, Jeddah, Saudi Arabia
dentists Al Shati, Jeddah, Saudi Arabia
dentists Al Nahda, Jeddah, Saudi Arabia

# Tel Aviv, Israel
dentists Central Tel Aviv, Tel Aviv, Israel
dentists Florentin, Tel Aviv, Israel
dentists Neve Tzedek, Tel Aviv, Israel
dentists Rothschild, Tel Aviv, Israel
dentists Ramat Aviv, Tel Aviv, Israel
dentists Jaffa, Tel Aviv, Israel

# Kuala Lumpur, Malaysia
dentists KLCC, Kuala Lumpur, Malaysia
dentists Bukit Bintang, Kuala Lumpur, Malaysia
dentists Bangsar, Kuala Lumpur, Malaysia
dentists Mont Kiara, Kuala Lumpur, Malaysia
dentists Damansara, Kuala Lumpur, Malaysia
dentists Petaling Jaya, Kuala Lumpur, Malaysia

# Nairobi, Kenya
dentists CBD Nairobi, Nairobi, Kenya
dentists Westlands, Nairobi, Kenya
dentists Karen, Nairobi, Kenya
dentists Kilimani, Nairobi, Kenya
dentists Lavington, Nairobi, Kenya
dentists Gigiri, Nairobi, Kenya

# Cape Town, South Africa
dentists CBD Cape Town, Cape Town, South Africa
dentists Sea Point, Cape Town, South Africa
dentists Camps Bay, Cape Town, South Africa
dentists Claremont, Cape Town, South Africa
dentists Constantia, Cape Town, South Africa
dentists Green Point, Cape Town, South Africa

# Casablanca, Morocco
dentists Centre Ville, Casablanca, Morocco
dentists Maarif, Casablanca, Morocco
dentists Anfa, Casablanca, Morocco
dentists Ain Diab, Casablanca, Morocco
dentists Bourgogne, Casablanca, Morocco
dentists Gauthier, Casablanca, Morocco

# Vancouver, Canada
dentists Downtown Vancouver, Vancouver, Canada
dentists Yaletown, Vancouver, Canada
dentists Gastown, Vancouver, Canada
dentists Kitsilano, Vancouver, Canada
dentists West End, Vancouver, Canada
dentists Mount Pleasant, Vancouver, Canada

# Montreal, Canada
dentists Downtown Montreal, Montreal, Canada
dentists Plateau, Montreal, Canada
dentists Old Montreal, Montreal, Canada
dentists Mile End, Montreal, Canada
dentists Griffintown, Montreal, Canada
dentists Westmount, Montreal, Canada

# Rome, Italy
dentists Centro Storico, Rome, Italy
dentists Trastevere, Rome, Italy
dentists Testaccio, Rome, Italy
dentists Prati, Rome, Italy
dentists Monti, Rome, Italy
dentists EUR, Rome, Italy
dentists Parioli, Rome, Italy

# Milan, Italy
dentists Centro Milano, Milan, Italy
dentists Brera, Milan, Italy
dentists Navigli, Milan, Italy
dentists Porta Nuova, Milan, Italy
dentists Isola, Milan, Italy
dentists Porta Romana, Milan, Italy

# Amsterdam, Netherlands
dentists Centrum, Amsterdam, Netherlands
dentists Jordaan, Amsterdam, Netherlands
dentists De Pijp, Amsterdam, Netherlands
dentists Oud-West, Amsterdam, Netherlands
dentists Oost, Amsterdam, Netherlands
dentists Noord, Amsterdam, Netherlands
dentists Zuid, Amsterdam, Netherlands

# Munich, Germany
dentists Altstadt, Munich, Germany
dentists Schwabing, Munich, Germany
dentists Maxvorstadt, Munich, Germany
dentists Glockenbachviertel, Munich, Germany
dentists Haidhausen, Munich, Germany
dentists Sendling, Munich, Germany

# Vienna, Austria
dentists Innere Stadt, Vienna, Austria
dentists Leopoldstadt, Vienna, Austria
dentists Neubau, Vienna, Austria
dentists Josefstadt, Vienna, Austria
dentists Margareten, Vienna, Austria
dentists Mariahilf, Vienna, Austria

# Warsaw, Poland
dentists Śródmieście, Warsaw, Poland
dentists Mokotów, Warsaw, Poland
dentists Wola, Warsaw, Poland
dentists Żoliborz, Warsaw, Poland
dentists Praga, Warsaw, Poland
dentists Ochota, Warsaw, Poland

# Prague, Czech Republic
dentists Prague 1, Prague, Czech Republic
dentists Prague 2, Prague, Czech Republic
dentists Prague 3, Prague, Czech Republic
dentists Prague 5, Prague, Czech Republic
dentists Prague 6, Prague, Czech Republic
dentists Prague 7, Prague, Czech Republic

# Budapest, Hungary
dentists District V, Budapest, Hungary
dentists District VI, Budapest, Hungary
dentists District VII, Budapest, Hungary
dentists District XI, Budapest, Hungary
dentists District XIII, Budapest, Hungary
dentists Buda, Budapest, Hungary

# Hanoi, Vietnam
dentists Hoan Kiem, Hanoi, Vietnam
dentists Ba Dinh, Hanoi, Vietnam
dentists Tay Ho, Hanoi, Vietnam
dentists Dong Da, Hanoi, Vietnam
dentists Hai Ba Trung, Hanoi, Vietnam
dentists Cau Giay, Hanoi, Vietnam

# Bangalore, India
dentists Indiranagar, Bangalore, India
dentists Koramangala, Bangalore, India
dentists Whitefield, Bangalore, India
dentists MG Road, Bangalore, India
dentists Jayanagar, Bangalore, India
dentists HSR Layout, Bangalore, India
dentists Electronic City, Bangalore, India

# Hyderabad, India
dentists Banjara Hills, Hyderabad, India
dentists Jubilee Hills, Hyderabad, India
dentists Hitech City, Hyderabad, India
dentists Madhapur, Hyderabad, India
dentists Gachibowli, Hyderabad, India
dentists Secunderabad, Hyderabad, India

# Chennai, India
dentists T Nagar, Chennai, India
dentists Anna Nagar, Chennai, India
dentists Adyar, Chennai, India
dentists Velachery, Chennai, India
dentists Nungambakkam, Chennai, India
dentists Mylapore, Chennai, India

# Kolkata, India
dentists Park Street, Kolkata, India
dentists Salt Lake, Kolkata, India
dentists Ballygunge, Kolkata, India
dentists South Kolkata, Kolkata, India
dentists Howrah, Kolkata, India
dentists Rajarhat, Kolkata, India

# MEDIUM CITIES (500k-2M population) - Single query each

# USA
dentists Phoenix, USA
dentists San Jose, USA
dentists Austin, USA
dentists Jacksonville, USA
dentists Fort Worth, USA
dentists Columbus, USA
dentists Charlotte, USA
dentists Indianapolis, USA
dentists Nashville, USA
dentists Portland, USA
dentists Las Vegas, USA
dentists Detroit, USA
dentists Memphis, USA
dentists Louisville, USA
dentists Baltimore, USA
dentists Milwaukee, USA
dentists Albuquerque, USA
dentists Tucson, USA
dentists Fresno, USA
dentists Sacramento, USA
dentists Minneapolis, USA
dentists New Orleans, USA
dentists Cleveland, USA
dentists Pittsburgh, USA
dentists St. Louis, USA
dentists Tampa, USA
dentists Orlando, USA
dentists Honolulu, USA
dentists Salt Lake City, USA
dentists Kansas City, USA
dentists Raleigh, USA
dentists Virginia Beach, USA
dentists Omaha, USA
dentists Oakland, USA
dentists Tulsa, USA
dentists Buffalo, USA
dentists Riverside, USA
dentists Cincinnati, USA
dentists St. Paul, USA
dentists Newark, USA
dentists Anchorage, USA
dentists Stockton, USA
dentists Toledo, USA
dentists Greensboro, USA
dentists Jersey City, USA
dentists Norfolk, USA
dentists Durham, USA
dentists Madison, USA
dentists Lubbock, USA
dentists Irvine, USA
dentists Winston-Salem, USA
dentists Garland, USA
dentists Hialeah, USA
dentists Reno, USA
dentists Chesapeake, USA
dentists Baton Rouge, USA
dentists Irving, USA
dentists Scottsdale, USA
dentists Fremont, USA
dentists Boise, USA
dentists Richmond, USA
dentists San Bernardino, USA
dentists Birmingham, USA
dentists Spokane, USA
dentists Rochester, USA
dentists Des Moines, USA
dentists Modesto, USA
dentists Fayetteville, USA
dentists Tacoma, USA
dentists Fontana, USA
dentists Montgomery, USA
dentists Shreveport, USA
dentists Yonkers, USA
dentists Akron, USA
dentists Huntington Beach, USA
dentists Little Rock, USA
dentists Augusta, USA
dentists Amarillo, USA
dentists Mobile, USA
dentists Grand Rapids, USA
dentists Tallahassee, USA
dentists Knoxville, USA
dentists Worcester, USA
dentists Brownsville, USA
dentists Newport News, USA
dentists Santa Clarita, USA
dentists Providence, USA
dentists Fort Lauderdale, USA
dentists Chattanooga, USA
dentists Oceanside, USA
dentists Cape Coral, USA
dentists Santa Rosa, USA
dentists Sioux Falls, USA
dentists Jackson, USA
dentists Eugene, USA
dentists Fort Collins, USA
dentists Savannah, USA
dentists Syracuse, USA
dentists McAllen, USA
dentists Dayton, USA
dentists Waco, USA
dentists Charleston, USA
dentists Colorado Springs, USA
dentists Lexington, USA
dentists Henderson, USA

# Canada
dentists Calgary, Canada
dentists Edmonton, Canada
dentists Ottawa, Canada
dentists Winnipeg, Canada
dentists Quebec City, Canada
dentists Hamilton, Canada
dentists Halifax, Canada
dentists London, Canada
dentists Victoria, Canada
dentists Saskatoon, Canada
dentists Regina, Canada
dentists St. John's, Canada
dentists Kitchener, Canada
dentists Windsor, Canada
dentists Kelowna, Canada
dentists Kingston, Canada

# Mexico
dentists Guadalajara, Mexico
dentists Monterrey, Mexico
dentists Puebla, Mexico
dentists Tijuana, Mexico
dentists León, Mexico
dentists Juárez, Mexico
dentists Querétaro, Mexico
dentists San Luis Potosí, Mexico
dentists Mérida, Mexico
dentists Aguascalientes, Mexico
dentists Cancún, Mexico
dentists Chihuahua, Mexico
dentists Morelia, Mexico
dentists Veracruz, Mexico
dentists Oaxaca, Mexico

# UK
dentists Manchester, UK
dentists Birmingham, UK
dentists Glasgow, UK
dentists Liverpool, UK
dentists Edinburgh, UK
dentists Bristol, UK
dentists Leeds, UK
dentists Cardiff, UK
dentists Belfast, UK
dentists Newcastle, UK
dentists Sheffield, UK
dentists Leicester, UK
dentists Nottingham, UK
dentists Southampton, UK
dentists Brighton, UK
dentists Cambridge, UK
dentists Oxford, UK
dentists York, UK

# Germany
dentists Frankfurt, Germany
dentists Hamburg, Germany
dentists Cologne, Germany
dentists Düsseldorf, Germany
dentists Stuttgart, Germany
dentists Dortmund, Germany
dentists Essen, Germany
dentists Leipzig, Germany
dentists Bremen, Germany
dentists Dresden, Germany
dentists Hannover, Germany
dentists Nuremberg, Germany
dentists Bonn, Germany
dentists Mannheim, Germany
dentists Karlsruhe, Germany
dentists Wiesbaden, Germany

# France
dentists Marseille, France
dentists Lyon, France
dentists Toulouse, France
dentists Nice, France
dentists Nantes, France
dentists Strasbourg, France
dentists Montpellier, France
dentists Bordeaux, France
dentists Lille, France
dentists Rennes, France

# Spain
dentists Valencia, Spain
dentists Seville, Spain
dentists Zaragoza, Spain
dentists Málaga, Spain
dentists Murcia, Spain
dentists Bilbao, Spain
dentists Alicante, Spain
dentists Granada, Spain
dentists Palma, Spain

# Italy
dentists Naples, Italy
dentists Turin, Italy
dentists Palermo, Italy
dentists Genoa, Italy
dentists Bologna, Italy
dentists Florence, Italy
dentists Bari, Italy
dentists Venice, Italy
dentists Verona, Italy

# Netherlands
dentists Rotterdam, Netherlands
dentists The Hague, Netherlands
dentists Utrecht, Netherlands
dentists Eindhoven, Netherlands
dentists Groningen, Netherlands

# Belgium
dentists Brussels, Belgium
dentists Antwerp, Belgium
dentists Ghent, Belgium
dentists Bruges, Belgium
dentists Liège, Belgium

# Switzerland
dentists Zurich, Switzerland
dentists Geneva, Switzerland
dentists Basel, Switzerland
dentists Bern, Switzerland
dentists Lausanne, Switzerland

# Portugal
dentists Lisbon, Portugal
dentists Porto, Portugal
dentists Braga, Portugal
dentists Coimbra, Portugal

# Ireland
dentists Dublin, Ireland
dentists Cork, Ireland
dentists Galway, Ireland
dentists Limerick, Ireland

# Sweden
dentists Stockholm, Sweden
dentists Gothenburg, Sweden
dentists Malmö, Sweden
dentists Uppsala, Sweden

# Norway
dentists Oslo, Norway
dentists Bergen, Norway
dentists Trondheim, Norway
dentists Stavanger, Norway

# Denmark
dentists Copenhagen, Denmark
dentists Aarhus, Denmark
dentists Odense, Denmark

# Finland
dentists Helsinki, Finland
dentists Espoo, Finland
dentists Tampere, Finland
dentists Oulu, Finland

# Poland
dentists Kraków, Poland
dentists Łódź, Poland
dentists Wrocław, Poland
dentists Poznań, Poland
dentists Gdańsk, Poland
dentists Szczecin, Poland

# Czech Republic
dentists Brno, Czech Republic
dentists Ostrava, Czech Republic
dentists Plzeň, Czech Republic

# Greece
dentists Athens, Greece
dentists Thessaloniki, Greece
dentists Patras, Greece

# Romania
dentists Bucharest, Romania
dentists Cluj-Napoca, Romania
dentists Timișoara, Romania
dentists Iași, Romania

# Japan
dentists Yokohama, Japan
dentists Nagoya, Japan
dentists Sapporo, Japan
dentists Fukuoka, Japan
dentists Kobe, Japan
dentists Kawasaki, Japan
dentists Kyoto, Japan
dentists Saitama, Japan
dentists Hiroshima, Japan
dentists Sendai, Japan

# South Korea
dentists Busan, South Korea
dentists Incheon, South Korea
dentists Daegu, South Korea
dentists Daejeon, South Korea
dentists Gwangju, South Korea
dentists Suwon, South Korea
dentists Ulsan, South Korea

# China
dentists Chengdu, China
dentists Chongqing, China
dentists Hangzhou, China
dentists Wuhan, China
dentists Xi'an, China
dentists Suzhou, China
dentists Tianjin, China
dentists Nanjing, China
dentists Zhengzhou, China
dentists Changsha, China
dentists Dongguan, China
dentists Qingdao, China
dentists Kunming, China
dentists Dalian, China
dentists Shenyang, China
dentists Xiamen, China
dentists Jinan, China
dentists Harbin, China
dentists Foshan, China
dentists Hefei, China
dentists Changzhou, China
dentists Ningbo, China
dentists Shijiazhuang, China
dentists Nanning, China
dentists Fuzhou, China
dentists Wenzhou, China
dentists Taiyuan, China
dentists Nanchang, China
dentists Guiyang, China

# India
dentists Ahmedabad, India
dentists Pune, India
dentists Surat, India
dentists Jaipur, India
dentists Lucknow, India
dentists Kanpur, India
dentists Nagpur, India
dentists Indore, India
dentists Thane, India
dentists Bhopal, India
dentists Visakhapatnam, India
dentists Patna, India
dentists Vadodara, India

# Indonesia
dentists Surabaya, Indonesia
dentists Bandung, Indonesia
dentists Medan, Indonesia
dentists Semarang, Indonesia
dentists Makassar, Indonesia
dentists Palembang, Indonesia
dentists Tangerang, Indonesia
dentists Depok, Indonesia
dentists Bekasi, Indonesia

# Thailand
dentists Chiang Mai, Thailand
dentists Pattaya, Thailand
dentists Phuket, Thailand
dentists Nonthaburi, Thailand
dentists Nakhon Ratchasima, Thailand

# Philippines
dentists Quezon City, Philippines
dentists Davao, Philippines
dentists Cebu, Philippines
dentists Zamboanga, Philippines

# Australia
dentists Brisbane, Australia
dentists Perth, Australia
dentists Adelaide, Australia
dentists Gold Coast, Australia
dentists Newcastle, Australia
dentists Canberra, Australia

# New Zealand
dentists Auckland, New Zealand
dentists Wellington, New Zealand
dentists Christchurch, New Zealand
dentists Hamilton, New Zealand

# Brazil
dentists Brasília, Brazil
dentists Salvador, Brazil
dentists Fortaleza, Brazil
dentists Belo Horizonte, Brazil
dentists Manaus, Brazil
dentists Curitiba, Brazil
dentists Recife, Brazil
dentists Porto Alegre, Brazil
dentists Goiânia, Brazil
dentists Belém, Brazil

# Argentina
dentists Córdoba, Argentina
dentists Rosario, Argentina
dentists Mendoza, Argentina
dentists La Plata, Argentina
dentists Tucumán, Argentina
dentists Mar del Plata, Argentina

# Chile
dentists Santiago, Chile
dentists Valparaíso, Chile
dentists Concepción, Chile

# Colombia
dentists Medellín, Colombia
dentists Cali, Colombia
dentists Barranquilla, Colombia
dentists Cartagena, Colombia

# Peru
dentists Arequipa, Peru
dentists Trujillo, Peru
dentists Chiclayo, Peru
dentists Cusco, Peru

# Venezuela
dentists Caracas, Venezuela
dentists Maracaibo, Venezuela
dentists Valencia, Venezuela
dentists Barquisimeto, Venezuela

# Egypt
dentists Alexandria, Egypt
dentists Giza, Egypt
dentists Shubra El Kheima, Egypt
dentists Port Said, Egypt

# South Africa
dentists Durban, South Africa
dentists Pretoria, South Africa
dentists Port Elizabeth, South Africa

# Nigeria
dentists Kano, Nigeria
dentists Ibadan, Nigeria
dentists Abuja, Nigeria
dentists Port Harcourt, Nigeria

# Kenya
dentists Mombasa, Kenya
dentists Kisumu, Kenya
dentists Nakuru, Kenya

# Morocco
dentists Rabat, Morocco
dentists Fes, Morocco
dentists Marrakech, Morocco
dentists Tangier, Morocco

# UAE
dentists Abu Dhabi, UAE
dentists Sharjah, UAE
dentists Al Ain, UAE

# Saudi Arabia
dentists Mecca, Saudi Arabia
dentists Medina, Saudi Arabia
dentists Dammam, Saudi Arabia
dentists Khobar, Saudi Arabia

# Turkey
dentists Ankara, Turkey
dentists Izmir, Turkey
dentists Bursa, Turkey
dentists Antalya, Turkey
dentists Adana, Turkey
dentists Gaziantep, Turkey
dentists Konya, Turkey

# Russia
dentists Saint Petersburg, Russia
dentists Novosibirsk, Russia
dentists Yekaterinburg, Russia
dentists Kazan, Russia
dentists Nizhny Novgorod, Russia
dentists Chelyabinsk, Russia
dentists Samara, Russia
dentists Omsk, Russia
dentists Rostov-on-Don, Russia
dentists Ufa, Russia
dentists Krasnoyarsk, Russia
dentists Voronezh, Russia
dentists Perm, Russia
dentists Volgograd, Russia

# Pakistan
dentists Lahore, Pakistan
dentists Faisalabad, Pakistan
dentists Rawalpindi, Pakistan
dentists Multan, Pakistan
dentists Peshawar, Pakistan
dentists Islamabad, Pakistan

# Bangladesh
dentists Chittagong, Bangladesh
dentists Khulna, Bangladesh
dentists Rajshahi, Bangladesh
dentists Sylhet, Bangladesh
